,Tool Position,,,,,,Joint Position,,,,,
,X,Y,Z,RX,RY,RZ,Base,Shoulder,Elbow,Wrist 1,Wrist 2,Wrist 3
Chip pick home (column 1-2),-493.66,-535,24.3,0.02,3.458,-0.092,-0.814021563,-1.142841594,0.80965824,-1.513898593,-1.734857276,-5.58644987
Chip pick home (blue),,,,,,,0,0,0,0,0,0
Part place home 1,-245.83,-281.25,-186.36,2.979,1.063,-0.021,-0.165806279,-1.905375944,2.046922147,-1.721243708,-1.589820416,-3.32275783
Part place home 2,-418.79,-49.06,-189.44,3.009,1.048,-0.028,-0.855734932,-1.791580477,1.983392162,-1.799434459,-1.596976266,-3.99697852
Chip place 1,-150.6,-267.08,-379.75,2.948,1.069,0.018,-0.074525559,-1.862789911,2.56144521,-2.259328717,-1.55788089,-3.239505625
Chip place 2,-324.75,-47.57,-378.6,2.94,1.05,-0.017,-0.967436004,-1.800307123,2.517462913,-2.322335103,-1.544616388,-4.122816759
Bottom Case place 1,-327.3,-266.15,-407.05,3,1.018,-0.018,-0.290771853,-1.465552973,2.326000294,-2.44031936,-1.595929068,-3.412467753
Bottom Case place 2,-505.02,-50.8,-409.1,3,1.018,-0.018,-0.826587934,-1.291543646,2.111150263,-2.412743158,-1.587376955,-3.948458367
Top Case place 1,-259.4,-358.8,-406.02,3,1.018,-0.018,-0.012915436,-1.419476281,2.263168441,-2.415361152,-1.597674397,-3.134611337
Top Case place 2,-432.3,-138.7,-412.25,3,1.018,-0.018,-0.644550093,-1.389107552,2.255488992,-2.455678258,-1.590867613,-3.766420526
Battery 1,-222.95,-176.93,-411.1,2.852,-1.384,0.018,-0.471762497,-1.822123739,2.641904889,-2.363873939,-1.581617368,-2.03697377
Battery 2,-394,36.9,-407.35,2.852,-1.384,0.018,-1.088212789,-1.51546939,2.375044046,-2.417281014,-1.594707338,-2.65272593
Chip 1,-812.95,79.5,-51.75,1.519,3.095,0.347,-0.832172987,-0.888721655,0.618021088,-1.55788089,-1.851270738,-5.568298446
Chip 2,-797.68,60.35,-61.72,1.485,3.093,0.298,-0.822748209,-0.946666586,0.728849496,-1.596452667,-1.819680278,-5.570043775
Chip 3,-778.71,35.4,-67.99,1.507,3.12,0.278,-0.792903079,-1.039692635,0.907047612,-1.709724535,-1.8245672,-5.539151447
Chip 4,-760.54,13.19,-76.05,1.48,3.081,0.273,-0.770562865,-1.057320461,0.931133156,-1.664171442,-1.814095225,-5.513320574
Chip 5,-743.5,-9.82,-83.92,1.458,3.046,0.255,-0.748746249,-1.076170017,0.959756556,-1.631010186,-1.796292866,-5.487489701
Chip 6 ,-726.88,-33.2,-92.4,1.479,3.073,0.236,-0.715759526,-1.142317995,1.091703447,-1.724559834,-1.802750584,-5.45397938
Chip 7,-781.3,105.85,-52.35,1.421,3.104,0.131,-0.931133156,-1.006356847,0.789761487,-1.612684229,-1.689653249,-5.699721738
Chip 8,-764.3,82.95,-59.75,1.433,3.046,0.175,-0.897099236,-1.018225086,0.807214779,-1.562069681,-1.717927583,-5.644394801
Chip 9,-748.4,58.8,-68.85,1.432,2.973,0.146,-0.879995009,-1.021017612,0.807040246,-1.493129175,-1.692969374,-5.602681432
Chip 10,-729.65,37.75,-76.1,1.38,3.013,0.151,-0.853989603,-1.09606677,0.946492053,-1.56922553,-1.699776159,-5.616469533
Chip 11,-712.15,15.6,-84.95,1.397,2.987,0.123,-0.834616448,-1.139700002,1.0262536,-1.600466924,-1.682846465,-5.578944954
Chip 12,-692.05,-5,-94.35,1.426,2.95,0.124,-0.809832773,-1.177573646,1.096241303,-1.596801733,-1.682497399,-5.526759609
Chip 13,-748.45,135.5,-51.99,1.353,3.046,-0.021,-1.027824396,-1.048419282,0.82100288,-1.534668011,-1.568701932,-5.803394296
Chip 14,-734.85,113.65,-58.45,1.368,2.994,0.1,-0.974068256,-1.048070216,0.821177413,-1.486322391,-1.648463479,-5.734279257
Chip 15,-716.9,93,-68,1.38,2.927,0.121,-0.949808179,-1.060287521,0.844739358,-1.437627705,-1.658411855,-5.684362841
Chip 16,-698.25,62.5,-75.75,1.361,2.998,0.094,-0.917345055,-1.17722458,1.056796862,-1.589820416,-1.651954137,-5.682792044
Chip 17,-681.85,40.1,-87,1.387,3.003,0.121,-0.880344075,-1.230631656,1.164483677,-1.65212867,-1.676388747,-5.634446424
Chip 18,-661.2,19.7,-93.5,1.425,3.01,0.131,-0.848579082,-1.295732437,1.275137552,-1.714436924,-1.69331844,-5.586100804
Chip 19,-721.05,157.74,-53.5,1.424,3.001,0.115,-1.035678378,-1.092576112,0.889245254,-1.54356919,-1.651779604,-5.768836777
Chip 20,-703.2,132.05,-60.95,1.403,2.989,0.139,-1.003389787,-1.140398133,0.971799328,-1.555437429,-1.669232897,-5.745449365
Chip 21,-683.7,113.25,-69.2,1.374,2.965,0.103,-0.997106602,-1.182111502,1.039518102,-1.548281579,-1.645147353,-5.745449365
Chip 22,-666.4,89.9,-77.5,1.346,3.001,0.097,-0.97197386,-1.254717199,1.167799803,-1.624203402,-1.644798287,-5.745449365
Chip 23,-649.05,67.25,-86.4,1.4,2.983,0.086,-0.94631752,-1.309171472,1.262920247,-1.668185699,-1.644449221,-5.685933637
Chip 24,-628.9,46.66,-96.25,1.413,2.963,0.126,-0.910014672,-1.347568715,1.331686219,-1.679704872,-1.672374489,-5.637937083
Chip 25,-687.85,184.15,-54,1.498,3.127,0.205,-1.067268838,-1.271646893,1.213352896,-1.873785485,-1.699950691,-5.806710421
Chip 26,-672.15,157.8,-60.35,1.44,3.125,0.2,-1.040216234,-1.308647873,1.264141977,-1.824741733,-1.70047429,-5.807408553
Chip 27,-650.35,139.4,-70.85,1.466,3.145,0.11,-1.049117413,-1.394518072,1.405862712,-1.907819405,-1.648463479,-5.800776302
Chip 28,-634.6,115.65,-78.85,1.401,3.116,0.106,-1.023635606,-1.410749634,1.420348945,-1.852317935,-1.64793988,-5.800776302
Chip 29,-614.88,92.95,-88.55,1.488,3.134,0.152,-0.976337184,-1.484402529,1.552993968,-1.956165026,-1.696983632,-5.721189288
Chip 30,-598.2,70.9,-97.2,1.427,3.091,0.181,-0.941081533,-1.487893187,1.549328777,-1.880243203,-1.713913325,-5.704957726
Chip 31,-659.5,208.75,-57.7,1.421,3.08,0.18,-1.130973355,-1.282467934,1.202182789,-1.748470845,-1.665567705,-5.889962627
Chip 32,-641.85,186.05,-66.45,1.45,3.105,0.247,-1.090132651,-1.358215224,1.340412866,-1.845511151,-1.714087858,-5.849296455
Chip 33,-620.7,162.55,-73.8,1.512,3.088,0.139,-1.096939435,-1.433089849,1.445307154,-1.880243203,-1.655619328,-5.810375613
Chip 34,-606.35,141.66,-79.2,1.443,2.983,0.175,-1.062381916,-1.395216204,1.363451212,-1.709026404,-1.683195531,-5.782624878
Chip 35,-508.1,318.08,-88.8,1.912,2.652,0.119,-1.066919772,-1.439023968,1.423316005,-1.692969374,-1.62228354,-5.794842182
Chip 36,-498.66,292.3,-99.7,1.941,2.744,0.192,-1.026777199,-1.546361717,1.607273708,-1.867327767,-1.657015592,-5.779308752
Chip 37,-501.91,439.15,-54,1.937,2.736,0.236,-1.196772268,-1.340412866,1.261000385,-1.739395133,-1.643576557,-5.947558492
Chip 38,-494.65,411.3,-64.75,1.934,2.731,0.22,-1.17896991,-1.394169006,1.349663111,-1.764527874,-1.640958563,-5.928534403
Chip 39,-488.02,384.5,-72,1.95,2.744,0.228,-1.156629695,-1.459095255,1.451590339,-1.82037841,-1.645496419,-5.904274327
Chip 40,-478.05,357.6,-81.95,1.973,2.731,0.253,-1.12765723,-1.516342054,1.542521993,-1.857902989,-1.667836633,-5.86273549
Chip 41,-469.6,329.9,-89.3,1.96,2.707,0.224,-1.107760476,-1.551772238,1.58353723,-1.830326787,-1.662426113,-5.83882448
Chip 42,-458.85,303.15,-99.75,1.974,2.747,0.251,-1.08053334,-1.631010186,1.706932008,-1.916546052,-1.674643417,-5.822418385
Chip 43,-464.55,450.33,-56.8,1.972,2.74,0.224,-1.267109037,-1.409353371,1.360833218,-1.793500339,-1.612858762,-5.999045705
Chip 44,-458.55,426.1,-64.35,1.95,2.71,0.193,-1.252448271,-1.433962513,1.389980216,-1.755277629,-1.612684229,-5.983512275
Chip 45,-448.55,397.45,-72.15,1.962,2.735,0.27,-1.217018087,-1.519134581,1.52384697,-1.846383816,-1.653524933,-5.958903132
Chip 46,-438.9,368.55,-79.1,1.966,2.744,0.3,-1.188220155,-1.586678823,1.61809475,-1.886700921,-1.67359622,-5.932723193
Chip 47,-429.85,344.85,-89.45,1.969,2.733,0.229,-1.193107077,-1.630835653,1.673770753,-1.875356281,-1.636769773,-5.926614541
Chip 48,-421.25,314.15,-96.2,1.966,2.734,0.276,-1.145983187,-1.688955117,1.748645378,-1.89734743,-1.67481795,-5.886821034
Case Pick Home,423.22,99.12,97.41,2.586,-0.35,1.484,-1.153662636,-2.14797671,2.034879375,-2.452536665,-1.949009176,-6.04948572
Case 1,435.08,98.35,-39.22,2.586,-0.35,1.484,-1.15872409,-2.112546527,2.371204322,-2.824815394,-1.945343984,-6.05123105
Case 2,452.46,95.31,-33.92,2.586,-0.35,1.484,-1.184554963,-2.07275302,2.340486527,-2.83947616,-1.923876434,-6.066066348
Case 3,471.12,89.72,-22.65,2.586,-0.35,1.484,-1.218239818,-2.038893632,2.295457032,-2.834763771,-1.895427568,-6.085439503
Case 4,479.95,89.16,-25.05,2.586,-0.35,1.484,-1.238311104,-2.012713693,2.288824781,-2.855358656,-1.890366113,-6.088755629
Case 5,495.32,86.55,-17.32,2.586,-0.35,1.484,-1.251575607,-1.984613892,2.254092729,-2.853438794,-1.867327767,-6.103939993
Case 6,514.8,82.41,-17.3,2.586,-0.35,1.484,-1.260825852,-1.932079482,2.224073066,-2.877524338,-1.859648318,-6.109001448
Case 7,529.06,74,-9.87,2.586,-0.35,1.484,-1.293114443,-1.9099138,2.191435409,-2.871939284,-1.832246649,-6.126629273
Case 8,544.04,71.33,-6.07,2.586,-0.35,1.484,-1.303586418,-1.875530814,2.159670416,-2.875953541,-1.82334547,-6.13238886
Case 9,560.05,66.42,-0.5,2.586,-0.35,1.484,-1.320341579,-1.842544091,2.122669436,-2.874208212,-1.809208303,-6.141290039
Case 10,575.67,61.83,-0.5,2.586,-0.35,1.484,-1.334478746,-1.805892177,2.09666403,-2.886774583,-1.797165531,-6.148794955
Case 11,590.5,58.25,-0.5,2.586,-0.35,1.484,-1.344601656,-1.770636526,2.070135026,-2.89672296,-1.788613417,-6.154205475
Case 12,604.6,52.52,-0.5,2.586,-0.35,1.484,-1.359960553,-1.7392206,2.045525883,-2.905449606,-1.775523448,-6.162408523
Case 13,621.56,51.9,11.29,2.586,-0.35,1.484,-1.360135086,-1.705710278,1.986533755,-2.879793266,-1.775523448,-6.162583056
Case 14,634.22,48.32,11.28,2.586,-0.35,1.484,-1.368338134,-1.676737812,1.961750079,-2.884854721,-1.768542131,-6.166771846
Case 15,652.43,44.82,17.8,2.586,-0.35,1.484,-1.375144918,-1.638864168,1.910437399,-2.872113817,-1.762782545,-6.170437038
Case 16,667.8,40,17.8,2.586,-0.35,1.484,-1.384918761,-1.604481181,1.877974275,-2.87525541,-1.754579497,-6.175673025
Case 17,682.63,36.1,25.7,2.586,-0.35,1.484,-1.391900078,-1.576032315,1.829454122,-2.855882255,-1.748470845,-6.179338217
Battery Pick,-21.2,-362.55,-103,1.897,1.715,-0.653,-2.452711198,-2.630211183,2.383072561,-1.838529834,-1.012290966,-3.882484921
Pattery Pick Home Sample,-18.3,-342.99,-74.5,1.962,1.733,-0.621,-2.452536665,-2.589545011,2.237163035,-1.645147353,-1.067617903,-3.893305962
Tray Pick 1,-243,-271.63,-374.29,3.014,1.053,-0.06,-0.156730567,-1.690176848,2.435956037,-2.343977185,-1.624203402,-3.29832322
Tray Pick 1 Above,-243,-271.63,-327.78,3.014,1.053,-0.06,-0.156730567,-1.789486082,2.36212861,-2.170840524,-1.624028869,-3.299021352
Tray Pick 2,-414.57,-51.44,-378.79,2.965,1.027,-0.068,-0.893608577,-1.564513141,2.338217599,-2.379058303,-1.54112573,-4.028568979
Tray Pick 2 Above,-414.57,-51.44,-277.18,2.965,1.027,-0.068,-0.893608577,-1.741314995,2.179218104,-2.043082422,-1.540776664,-4.02979071
Tray Unload,-578.75,-360.38,-376.62,2.977,1.025,-0.019,-0.309446876,-1.000073661,1.541474795,-2.123367568,-1.575683249,-3.441614752
Tray Unload Above,-578.75,-360.38,-292,2.977,1.025,-0.019,-0.309446876,-1.086641992,1.440769298,-1.935919206,-1.575683249,-3.441963818
,,,,,,,0,0,0,0,0,0
,-766.97,56,37.55,1.453,3.011,0.07,-0.884707398,-0.747175453,0.033335789,-1.043706893,-1.658411855,-5.606521156
